district,state,population,infrastructure_index
Varanasi,Uttar Pradesh,3678849,42
Bengaluru Urban,Karnataka,9621551,78
Chennai,Tamil Nadu,4646732,81
Kolkata,West Bengal,4496694,70
Pune,Maharashtra,9429408,75
Patna,Bihar,5838465,35
Jaipur,Rajasthan,6626178,55
Ahmedabad,Gujarat,7214225,80
Hyderabad,Telangana,6809970,79
Lucknow,Uttar Pradesh,4589838,50
Ranchi,Jharkhand,2914253,38
Bhopal,Madhya Pradesh,2371061,48
Guwahati,Assam,1116267,40
Bhubaneswar,Odisha,840834,52
Thiruvananthapuram,Kerala,3301427,85